{
  "version": 2,
  "builds": [
    {
      "src": "server/index.ts",
      "use": "@vercel/node"
    },
    {
      "src": "package.json",
      "use": "@vercel/static-build",
      "config": {
        "distDir": "dist",
        "buildCommand": "vite build"
      }
    }
  ],
  "routes": [
    {
      "src": "/api/(.*)",
      "dest": "server/index.ts"
    },
    {
      "handle": "filesystem"
    },
    {
      "src": "/(.*)",
      "dest": "/index.html"
    }
  ],
  "outputDirectory": "dist"
}